attack,epsilon,image,clean_phishing_probability,adversarial_phishing_probability,adversarial_prediction,successful_flip,max_perturbation
FGSM,0.005,phishing_0004.jpg,0.999963641166687,0.9999544620513916,1,0,0.005000010132789612
FGSM,0.005,phishing_0013.jpg,0.9996412992477417,0.999538779258728,1,0,0.005000025033950806
FGSM,0.005,phishing_0016.jpg,0.9949904084205627,0.9941579103469849,1,0,0.005000025033950806
FGSM,0.005,phishing_0032.jpg,0.9969577789306641,0.996636152267456,1,0,0.005000002682209015
FGSM,0.005,phishing_0045.jpg,0.9999613761901855,0.9999520778656006,1,0,0.005000025033950806
FGSM,0.005,phishing_0048.jpg,0.9999076128005981,0.9998906850814819,1,0,0.005000025033950806
FGSM,0.005,phishing_0050.jpg,0.8799964189529419,0.8248419761657715,1,0,0.005000025033950806
FGSM,0.005,phishing_0053.jpg,0.998433530330658,0.9981175661087036,1,0,0.005000025033950806
FGSM,0.005,phishing_0058.jpg,0.7131541967391968,0.7041685581207275,1,0,0.005000025033950806
FGSM,0.005,phishing_0068.jpg,0.9999582767486572,0.9999476671218872,1,0,0.005000025033950806
FGSM,0.005,phishing_0072.jpg,0.9997023940086365,0.9996340274810791,1,0,0.005000025033950806
FGSM,0.005,phishing_0080.jpg,0.9969577789306641,0.9966363906860352,1,0,0.005000025033950806
FGSM,0.005,phishing_0082.jpg,0.566161572933197,0.5027415156364441,1,0,0.005000025033950806
FGSM,0.005,phishing_0089.jpg,0.6136655211448669,0.6113793849945068,1,0,0.004999995231628418
FGSM,0.005,phishing_0097.jpg,0.5714096426963806,0.5046411752700806,1,0,0.005000025033950806
FGSM,0.005,phishing_0102.jpg,0.5770531892776489,0.5628179311752319,1,0,0.005000010132789612
FGSM,0.005,phishing_0115.jpg,0.5680482983589172,0.5042991042137146,1,0,0.005000025033950806
FGSM,0.005,phishing_0118.jpg,0.683771014213562,0.6463902592658997,1,0,0.005000025033950806
FGSM,0.005,phishing_0120.jpg,0.9532158374786377,0.9147114157676697,1,0,0.005000025033950806
FGSM,0.005,phishing_0126.jpg,0.9816216826438904,0.978853702545166,1,0,0.005000010132789612
FGSM,0.005,phishing_0141.jpg,0.6388434171676636,0.6248300075531006,1,0,0.004999995231628418
FGSM,0.005,phishing_0142.jpg,0.9028767347335815,0.8692539930343628,1,0,0.005000002682209015
FGSM,0.005,phishing_0159.jpg,1.0,1.0,1,0,0.005000025033950806
FGSM,0.005,phishing_0161.jpg,0.9999798536300659,0.9999756813049316,1,0,0.005000025033950806
FGSM,0.005,phishing_0173.jpg,0.9955154061317444,0.9951735138893127,1,0,0.005000010132789612
FGSM,0.005,phishing_0175.jpg,0.8054952621459961,0.7793709635734558,1,0,0.005000025033950806
FGSM,0.005,phishing_0207.jpg,0.629723846912384,0.6233034729957581,1,0,0.004999995231628418
FGSM,0.005,phishing_0213.jpg,0.9277511239051819,0.9149830937385559,1,0,0.005000025033950806
FGSM,0.005,phishing_0215.jpg,0.9320158958435059,0.9229398965835571,1,0,0.005000002682209015
FGSM,0.005,phishing_0217.jpg,0.8045440912246704,0.7796883583068848,1,0,0.005000025033950806
FGSM,0.005,phishing_0237.jpg,0.8898369073867798,0.8808267116546631,1,0,0.005000025033950806
FGSM,0.005,phishing_0263.jpg,1.0,1.0,1,0,0.005000002682209015
FGSM,0.005,phishing_0266.jpg,1.0,0.9999998807907104,1,0,0.005000010132789612
FGSM,0.005,phishing_0278.jpg,0.8831496834754944,0.8718951344490051,1,0,0.005000025033950806
FGSM,0.005,phishing_0280.jpg,0.694553554058075,0.6396386027336121,1,0,0.005000025033950806
FGSM,0.01,phishing_0004.jpg,0.999963641166687,0.9999440908432007,1,0,0.010000020265579224
FGSM,0.01,phishing_0013.jpg,0.9996412992477417,0.9994157552719116,1,0,0.010000020265579224
FGSM,0.01,phishing_0016.jpg,0.9949904084205627,0.9932703375816345,1,0,0.010000020265579224
FGSM,0.01,phishing_0032.jpg,0.9969577789306641,0.9963002800941467,1,0,0.010000020265579224
FGSM,0.01,phishing_0045.jpg,0.9999613761901855,0.9999417066574097,1,0,0.010000020265579224
FGSM,0.01,phishing_0048.jpg,0.9999076128005981,0.9998711347579956,1,0,0.010000020265579224
FGSM,0.01,phishing_0050.jpg,0.8799964189529419,0.7602747082710266,1,0,0.010000020265579224
FGSM,0.01,phishing_0053.jpg,0.998433530330658,0.9977734684944153,1,0,0.010000020265579224
FGSM,0.01,phishing_0058.jpg,0.7131541967391968,0.6945673823356628,1,0,0.010000020265579224
FGSM,0.01,phishing_0068.jpg,0.9999582767486572,0.9999359846115112,1,0,0.010000020265579224
FGSM,0.01,phishing_0072.jpg,0.9997023940086365,0.9995582699775696,1,0,0.010000020265579224
FGSM,0.01,phishing_0080.jpg,0.9969577789306641,0.9963005781173706,1,0,0.010000020265579224
FGSM,0.01,phishing_0082.jpg,0.566161572933197,0.44100895524024963,0,1,0.010000020265579224
FGSM,0.01,phishing_0089.jpg,0.6136655211448669,0.6086339354515076,1,0,0.009999990463256836
FGSM,0.01,phishing_0097.jpg,0.5714096426963806,0.44330650568008423,0,1,0.010000020265579224
FGSM,0.01,phishing_0102.jpg,0.5770531892776489,0.5484438538551331,1,0,0.010000020265579224
FGSM,0.01,phishing_0115.jpg,0.5680482983589172,0.4426296651363373,0,1,0.010000020265579224
FGSM,0.01,phishing_0118.jpg,0.683771014213562,0.612639844417572,1,0,0.010000020265579224
FGSM,0.01,phishing_0120.jpg,0.9532158374786377,0.8341326117515564,1,0,0.010000020265579224
FGSM,0.01,phishing_0126.jpg,0.9816216826438904,0.9756951332092285,1,0,0.01000000536441803
FGSM,0.01,phishing_0141.jpg,0.6388434171676636,0.6124280691146851,1,0,0.009999990463256836
FGSM,0.01,phishing_0142.jpg,0.9028767347335815,0.8261081576347351,1,0,0.01000000536441803
FGSM,0.01,phishing_0159.jpg,1.0,1.0,1,0,0.010000020265579224
FGSM,0.01,phishing_0161.jpg,0.9999798536300659,0.999971866607666,1,0,0.010000020265579224
FGSM,0.01,phishing_0173.jpg,0.9955154061317444,0.9948757290840149,1,0,0.010000020265579224
FGSM,0.01,phishing_0175.jpg,0.8054952621459961,0.7526852488517761,1,0,0.010000020265579224
FGSM,0.01,phishing_0207.jpg,0.629723846912384,0.6167369484901428,1,0,0.010000020265579224
FGSM,0.01,phishing_0213.jpg,0.9277511239051819,0.9012759923934937,1,0,0.010000020265579224
FGSM,0.01,phishing_0215.jpg,0.9320158958435059,0.9118734002113342,1,0,0.01000000536441803
FGSM,0.01,phishing_0217.jpg,0.8045440912246704,0.7531477808952332,1,0,0.010000020265579224
FGSM,0.01,phishing_0237.jpg,0.8898369073867798,0.8714346885681152,1,0,0.010000020265579224
FGSM,0.01,phishing_0263.jpg,1.0,1.0,1,0,0.010000020265579224
FGSM,0.01,phishing_0266.jpg,1.0,0.9999998807907104,1,0,0.01000000536441803
FGSM,0.01,phishing_0278.jpg,0.8831496834754944,0.8614698052406311,1,0,0.010000020265579224
FGSM,0.01,phishing_0280.jpg,0.694553554058075,0.5779289603233337,1,0,0.010000020265579224
FGSM,0.02,phishing_0004.jpg,0.999963641166687,0.9999179840087891,1,0,0.02000001072883606
FGSM,0.02,phishing_0013.jpg,0.9996412992477417,0.9990841150283813,1,0,0.02000001072883606
FGSM,0.02,phishing_0016.jpg,0.9949904084205627,0.9903546571731567,1,0,0.02000001072883606
FGSM,0.02,phishing_0032.jpg,0.9969577789306641,0.9950026869773865,1,0,0.02000001072883606
FGSM,0.02,phishing_0045.jpg,0.9999613761901855,0.9999152421951294,1,0,0.02000001072883606
FGSM,0.02,phishing_0048.jpg,0.9999076128005981,0.9998200535774231,1,0,0.02000001072883606
FGSM,0.02,phishing_0050.jpg,0.8799964189529419,0.5777384638786316,1,0,0.02000001072883606
FGSM,0.02,phishing_0053.jpg,0.998433530330658,0.9969616532325745,1,0,0.02000001072883606
FGSM,0.02,phishing_0058.jpg,0.7131541967391968,0.6610946655273438,1,0,0.02000001072883606
FGSM,0.02,phishing_0068.jpg,0.9999582767486572,0.9999066591262817,1,0,0.02000001072883606
FGSM,0.02,phishing_0072.jpg,0.9997023940086365,0.9993759989738464,1,0,0.02000001072883606
FGSM,0.02,phishing_0080.jpg,0.9969577789306641,0.9949988126754761,1,0,0.02000001072883606
FGSM,0.02,phishing_0082.jpg,0.566161572933197,0.32129085063934326,0,1,0.02000001072883606
FGSM,0.02,phishing_0089.jpg,0.6136655211448669,0.6028710603713989,1,0,0.019999980926513672
FGSM,0.02,phishing_0097.jpg,0.5714096426963806,0.3286539614200592,0,1,0.02000001072883606
FGSM,0.02,phishing_0102.jpg,0.5770531892776489,0.5191721320152283,1,0,0.02000001072883606
FGSM,0.02,phishing_0115.jpg,0.5680482983589172,0.32278314232826233,0,1,0.02000001072883606
FGSM,0.02,phishing_0118.jpg,0.683771014213562,0.5382874608039856,1,0,0.02000001072883606
FGSM,0.02,phishing_0120.jpg,0.9532158374786377,0.4465027451515198,0,1,0.02000001072883606
FGSM,0.02,phishing_0126.jpg,0.9816216826438904,0.9660583138465881,1,0,0.02000001072883606
FGSM,0.02,phishing_0141.jpg,0.6388434171676636,0.5936388373374939,1,0,0.019999980926513672
FGSM,0.02,phishing_0142.jpg,0.9028767347335815,0.7055469751358032,1,0,0.02000001072883606
FGSM,0.02,phishing_0159.jpg,1.0,1.0,1,0,0.02000001072883606
FGSM,0.02,phishing_0161.jpg,0.9999798536300659,0.9999634027481079,1,0,0.02000001072883606
FGSM,0.02,phishing_0173.jpg,0.9955154061317444,0.9942877888679504,1,0,0.02000001072883606
FGSM,0.02,phishing_0175.jpg,0.8054952621459961,0.6956011652946472,1,0,0.02000001072883606
FGSM,0.02,phishing_0207.jpg,0.629723846912384,0.6009895205497742,1,0,0.02000001072883606
FGSM,0.02,phishing_0213.jpg,0.9277511239051819,0.8706195950508118,1,0,0.02000001072883606
FGSM,0.02,phishing_0215.jpg,0.9320158958435059,0.8733869194984436,1,0,0.02000001072883606
FGSM,0.02,phishing_0217.jpg,0.8045440912246704,0.6985716819763184,1,0,0.02000001072883606
FGSM,0.02,phishing_0237.jpg,0.8898369073867798,0.8502773642539978,1,0,0.02000001072883606
FGSM,0.02,phishing_0263.jpg,1.0,1.0,1,0,0.02000001072883606
FGSM,0.02,phishing_0266.jpg,1.0,0.9999998807907104,1,0,0.02000001072883606
FGSM,0.02,phishing_0278.jpg,0.8831496834754944,0.8407557010650635,1,0,0.02000001072883606
FGSM,0.02,phishing_0280.jpg,0.694553554058075,0.42291659116744995,0,1,0.02000001072883606
FGSM,0.04,phishing_0004.jpg,0.999963641166687,0.9998264908790588,1,0,0.04000002145767212
FGSM,0.04,phishing_0013.jpg,0.9996412992477417,0.9977288842201233,1,0,0.04000002145767212
FGSM,0.04,phishing_0016.jpg,0.9949904084205627,0.8274058103561401,1,0,0.04000002145767212
FGSM,0.04,phishing_0032.jpg,0.9969577789306641,0.9586995840072632,1,0,0.04000002145767212
FGSM,0.04,phishing_0045.jpg,0.9999613761901855,0.9998255372047424,1,0,0.04000002145767212
FGSM,0.04,phishing_0048.jpg,0.9999076128005981,0.9983137845993042,1,0,0.04000002145767212
FGSM,0.04,phishing_0050.jpg,0.8799964189529419,0.17058877646923065,0,1,0.04000002145767212
FGSM,0.04,phishing_0053.jpg,0.998433530330658,0.9943812489509583,1,0,0.04000002145767212
FGSM,0.04,phishing_0058.jpg,0.7131541967391968,0.5571628212928772,1,0,0.04000002145767212
FGSM,0.04,phishing_0068.jpg,0.9999582767486572,0.9998070597648621,1,0,0.04000002145767212
FGSM,0.04,phishing_0072.jpg,0.9997023940086365,0.998766303062439,1,0,0.04000002145767212
FGSM,0.04,phishing_0080.jpg,0.9969577789306641,0.9586771130561829,1,0,0.04000002145767212
FGSM,0.04,phishing_0082.jpg,0.566161572933197,0.14486576616764069,0,1,0.04000002145767212
FGSM,0.04,phishing_0089.jpg,0.6136655211448669,0.5767488479614258,1,0,0.04000002145767212
FGSM,0.04,phishing_0097.jpg,0.5714096426963806,0.14909054338932037,0,1,0.04000002145767212
FGSM,0.04,phishing_0102.jpg,0.5770531892776489,0.4465620219707489,0,1,0.04000002145767212
FGSM,0.04,phishing_0115.jpg,0.5680482983589172,0.14578604698181152,0,1,0.04000002145767212
FGSM,0.04,phishing_0118.jpg,0.683771014213562,0.3647831678390503,0,1,0.04000002145767212
FGSM,0.04,phishing_0120.jpg,0.9532158374786377,0.011350208893418312,0,1,0.04000002145767212
FGSM,0.04,phishing_0126.jpg,0.9816216826438904,0.748532772064209,1,0,0.04000002145767212
FGSM,0.04,phishing_0141.jpg,0.6388434171676636,0.5673169493675232,1,0,0.04000002145767212
FGSM,0.04,phishing_0142.jpg,0.9028767347335815,0.3528798222541809,0,1,0.04000002145767212
FGSM,0.04,phishing_0159.jpg,1.0,0.9999998807907104,1,0,0.04000002145767212
FGSM,0.04,phishing_0161.jpg,0.9999798536300659,0.9999325275421143,1,0,0.04000002145767212
FGSM,0.04,phishing_0173.jpg,0.9955154061317444,0.992448091506958,1,0,0.04000002145767212
FGSM,0.04,phishing_0175.jpg,0.8054952621459961,0.5733789205551147,1,0,0.04000002145767212
FGSM,0.04,phishing_0207.jpg,0.629723846912384,0.5518017411231995,1,0,0.04000002145767212
FGSM,0.04,phishing_0213.jpg,0.9277511239051819,0.7926349639892578,1,0,0.04000002145767212
FGSM,0.04,phishing_0215.jpg,0.9320158958435059,0.32307544350624084,0,1,0.04000002145767212
FGSM,0.04,phishing_0217.jpg,0.8045440912246704,0.5853885412216187,1,0,0.04000002145767212
FGSM,0.04,phishing_0237.jpg,0.8898369073867798,0.785965621471405,1,0,0.04000002145767212
FGSM,0.04,phishing_0263.jpg,1.0,1.0,1,0,0.04000002145767212
FGSM,0.04,phishing_0266.jpg,1.0,0.9999992847442627,1,0,0.04000002145767212
FGSM,0.04,phishing_0278.jpg,0.8831496834754944,0.788590669631958,1,0,0.04000002145767212
FGSM,0.04,phishing_0280.jpg,0.694553554058075,0.10334000736474991,0,1,0.04000002145767212
PGD,0.005,phishing_0004.jpg,0.999963641166687,0.9999489784240723,1,0,0.005000002682209015
PGD,0.005,phishing_0013.jpg,0.9996412992477417,0.9994696974754333,1,0,0.005000025033950806
PGD,0.005,phishing_0016.jpg,0.9949904084205627,0.9927465319633484,1,0,0.005000002682209015
PGD,0.005,phishing_0032.jpg,0.9969577789306641,0.9954525828361511,1,0,0.005000002682209015
PGD,0.005,phishing_0045.jpg,0.9999613761901855,0.999946117401123,1,0,0.005000025033950806
PGD,0.005,phishing_0048.jpg,0.9999076128005981,0.9998455047607422,1,0,0.005000025033950806
PGD,0.005,phishing_0050.jpg,0.8799964189529419,0.7053869962692261,1,0,0.005000025033950806
PGD,0.005,phishing_0053.jpg,0.998433530330658,0.9978699684143066,1,0,0.005000025033950806
PGD,0.005,phishing_0058.jpg,0.7131541967391968,0.6817978024482727,1,0,0.005000025033950806
PGD,0.005,phishing_0068.jpg,0.9999582767486572,0.999941349029541,1,0,0.005000002682209015
PGD,0.005,phishing_0072.jpg,0.9997023940086365,0.9995835423469543,1,0,0.005000025033950806
PGD,0.005,phishing_0080.jpg,0.9969577789306641,0.9954537153244019,1,0,0.005000002682209015
PGD,0.005,phishing_0082.jpg,0.566161572933197,0.4603933095932007,0,1,0.005000025033950806
PGD,0.005,phishing_0089.jpg,0.6136655211448669,0.6073563098907471,1,0,0.004999995231628418
PGD,0.005,phishing_0097.jpg,0.5714096426963806,0.431797593832016,0,1,0.005000025033950806
PGD,0.005,phishing_0102.jpg,0.5770531892776489,0.5528465509414673,1,0,0.005000002682209015
PGD,0.005,phishing_0115.jpg,0.5680482983589172,0.46207672357559204,0,1,0.005000025033950806
PGD,0.005,phishing_0118.jpg,0.683771014213562,0.604840874671936,1,0,0.005000025033950806
PGD,0.005,phishing_0120.jpg,0.9532158374786377,0.7761358022689819,1,0,0.005000025033950806
PGD,0.005,phishing_0126.jpg,0.9816216826438904,0.9754789471626282,1,0,0.005000002682209015
PGD,0.005,phishing_0141.jpg,0.6388434171676636,0.5886856317520142,1,0,0.004999995231628418
PGD,0.005,phishing_0142.jpg,0.9028767347335815,0.8089849352836609,1,0,0.005000002682209015
PGD,0.005,phishing_0159.jpg,1.0,1.0,1,0,0.005000002682209015
PGD,0.005,phishing_0161.jpg,0.9999798536300659,0.9999659061431885,1,0,0.005000002682209015
PGD,0.005,phishing_0173.jpg,0.9955154061317444,0.9939337372779846,1,0,0.005000002682209015
PGD,0.005,phishing_0175.jpg,0.8054952621459961,0.7641654014587402,1,0,0.005000025033950806
PGD,0.005,phishing_0207.jpg,0.629723846912384,0.6125556230545044,1,0,0.004999995231628418
PGD,0.005,phishing_0213.jpg,0.9277511239051819,0.9095274209976196,1,0,0.005000025033950806
PGD,0.005,phishing_0215.jpg,0.9320158958435059,0.9092055559158325,1,0,0.005000002682209015
PGD,0.005,phishing_0217.jpg,0.8045440912246704,0.7513844966888428,1,0,0.005000025033950806
PGD,0.005,phishing_0237.jpg,0.8898369073867798,0.8683478832244873,1,0,0.005000002682209015
PGD,0.005,phishing_0263.jpg,1.0,1.0,1,0,0.005000002682209015
PGD,0.005,phishing_0266.jpg,1.0,0.9999998807907104,1,0,0.005000002682209015
PGD,0.005,phishing_0278.jpg,0.8831496834754944,0.8555128574371338,1,0,0.005000025033950806
PGD,0.005,phishing_0280.jpg,0.694553554058075,0.5744531750679016,1,0,0.005000025033950806
PGD,0.01,phishing_0004.jpg,0.999963641166687,0.999929666519165,1,0,0.01000000536441803
PGD,0.01,phishing_0013.jpg,0.9996412992477417,0.9992307424545288,1,0,0.01000000536441803
PGD,0.01,phishing_0016.jpg,0.9949904084205627,0.9897806644439697,1,0,0.01000000536441803
PGD,0.01,phishing_0032.jpg,0.9969577789306641,0.9933930039405823,1,0,0.01000000536441803
PGD,0.01,phishing_0045.jpg,0.9999613761901855,0.999925971031189,1,0,0.01000000536441803
PGD,0.01,phishing_0048.jpg,0.9999076128005981,0.9997432827949524,1,0,0.01000000536441803
PGD,0.01,phishing_0050.jpg,0.8799964189529419,0.4553421139717102,0,1,0.01000000536441803
PGD,0.01,phishing_0053.jpg,0.998433530330658,0.9971455931663513,1,0,0.01000000536441803
PGD,0.01,phishing_0058.jpg,0.7131541967391968,0.650775671005249,1,0,0.01000000536441803
PGD,0.01,phishing_0068.jpg,0.9999582767486572,0.9999189376831055,1,0,0.01000000536441803
PGD,0.01,phishing_0072.jpg,0.9997023940086365,0.9994244575500488,1,0,0.01000000536441803
PGD,0.01,phishing_0080.jpg,0.9969577789306641,0.9933933615684509,1,0,0.01000000536441803
PGD,0.01,phishing_0082.jpg,0.566161572933197,0.3581683039665222,0,1,0.01000000536441803
PGD,0.01,phishing_0089.jpg,0.6136655211448669,0.6004610657691956,1,0,0.009999871253967285
PGD,0.01,phishing_0097.jpg,0.5714096426963806,0.3137291967868805,0,1,0.01000000536441803
PGD,0.01,phishing_0102.jpg,0.5770531892776489,0.5291144251823425,1,0,0.01000000536441803
PGD,0.01,phishing_0115.jpg,0.5680482983589172,0.359809547662735,0,1,0.01000000536441803
PGD,0.01,phishing_0118.jpg,0.683771014213562,0.5242340564727783,1,0,0.01000000536441803
PGD,0.01,phishing_0120.jpg,0.9532158374786377,0.34046608209609985,0,1,0.01000000536441803
PGD,0.01,phishing_0126.jpg,0.9816216826438904,0.9676135778427124,1,0,0.01000000536441803
PGD,0.01,phishing_0141.jpg,0.6388434171676636,0.5429490804672241,1,0,0.009999871253967285
PGD,0.01,phishing_0142.jpg,0.9028767347335815,0.6631579399108887,1,0,0.01000000536441803
PGD,0.01,phishing_0159.jpg,1.0,1.0,1,0,0.01000000536441803
PGD,0.01,phishing_0161.jpg,0.9999798536300659,0.9999449253082275,1,0,0.01000000536441803
PGD,0.01,phishing_0173.jpg,0.9955154061317444,0.9919486045837402,1,0,0.01000000536441803
PGD,0.01,phishing_0175.jpg,0.8054952621459961,0.7185015678405762,1,0,0.01000000536441803
PGD,0.01,phishing_0207.jpg,0.629723846912384,0.5946970582008362,1,0,0.009999901056289673
PGD,0.01,phishing_0213.jpg,0.9277511239051819,0.8885635137557983,1,0,0.01000000536441803
PGD,0.01,phishing_0215.jpg,0.9320158958435059,0.879867434501648,1,0,0.01000000536441803
PGD,0.01,phishing_0217.jpg,0.8045440912246704,0.6934138536453247,1,0,0.009999901056289673
PGD,0.01,phishing_0237.jpg,0.8898369073867798,0.8432449102401733,1,0,0.01000000536441803
PGD,0.01,phishing_0263.jpg,1.0,1.0,1,0,0.01000000536441803
PGD,0.01,phishing_0266.jpg,1.0,0.9999998807907104,1,0,0.01000000536441803
PGD,0.01,phishing_0278.jpg,0.8831496834754944,0.8260512948036194,1,0,0.01000000536441803
PGD,0.01,phishing_0280.jpg,0.694553554058075,0.4459446966648102,0,1,0.01000000536441803
PGD,0.02,phishing_0004.jpg,0.999963641166687,0.999869704246521,1,0,0.02000001072883606
PGD,0.02,phishing_0013.jpg,0.9996412992477417,0.9984298348426819,1,0,0.02000001072883606
PGD,0.02,phishing_0016.jpg,0.9949904084205627,0.978733479976654,1,0,0.02000001072883606
PGD,0.02,phishing_0032.jpg,0.9969577789306641,0.9850921034812927,1,0,0.02000001072883606
PGD,0.02,phishing_0045.jpg,0.9999613761901855,0.9998642206192017,1,0,0.02000001072883606
PGD,0.02,phishing_0048.jpg,0.9999076128005981,0.9992337226867676,1,0,0.02000001072883606
PGD,0.02,phishing_0050.jpg,0.8799964189529419,0.10920550674200058,0,1,0.02000001072883606
PGD,0.02,phishing_0053.jpg,0.998433530330658,0.9950161576271057,1,0,0.02000001072883606
PGD,0.02,phishing_0058.jpg,0.7131541967391968,0.5851189494132996,1,0,0.02000001072883606
PGD,0.02,phishing_0068.jpg,0.9999582767486572,0.999850869178772,1,0,0.02000001072883606
PGD,0.02,phishing_0072.jpg,0.9997023940086365,0.998934805393219,1,0,0.02000001072883606
PGD,0.02,phishing_0080.jpg,0.9969577789306641,0.9850725531578064,1,0,0.02000001072883606
PGD,0.02,phishing_0082.jpg,0.566161572933197,0.19517460465431213,0,1,0.02000001072883606
PGD,0.02,phishing_0089.jpg,0.6136655211448669,0.5860404968261719,1,0,0.01999974250793457
PGD,0.02,phishing_0097.jpg,0.5714096426963806,0.15250805020332336,0,1,0.02000001072883606
PGD,0.02,phishing_0102.jpg,0.5770531892776489,0.4811386168003082,0,1,0.02000001072883606
PGD,0.02,phishing_0115.jpg,0.5680482983589172,0.1960492581129074,0,1,0.02000001072883606
PGD,0.02,phishing_0118.jpg,0.683771014213562,0.3562498390674591,0,1,0.02000001072883606
PGD,0.02,phishing_0120.jpg,0.9532158374786377,0.014031767845153809,0,1,0.02000001072883606
PGD,0.02,phishing_0126.jpg,0.9816216826438904,0.9427347183227539,1,0,0.02000001072883606
PGD,0.02,phishing_0141.jpg,0.6388434171676636,0.4584001898765564,0,1,0.01999974250793457
PGD,0.02,phishing_0142.jpg,0.9028767347335815,0.3018953502178192,0,1,0.02000001072883606
PGD,0.02,phishing_0159.jpg,1.0,1.0,1,0,0.02000001072883606
PGD,0.02,phishing_0161.jpg,0.9999798536300659,0.9998599290847778,1,0,0.02000001072883606
PGD,0.02,phishing_0173.jpg,0.9955154061317444,0.9862019419670105,1,0,0.02000001072883606
PGD,0.02,phishing_0175.jpg,0.8054952621459961,0.6187571287155151,1,0,0.02000001072883606
PGD,0.02,phishing_0207.jpg,0.629723846912384,0.5550829768180847,1,0,0.02000001072883606
PGD,0.02,phishing_0213.jpg,0.9277511239051819,0.8365293741226196,1,0,0.02000001072883606
PGD,0.02,phishing_0215.jpg,0.9320158958435059,0.7851603627204895,1,0,0.02000001072883606
PGD,0.02,phishing_0217.jpg,0.8045440912246704,0.5678411722183228,1,0,0.02000001072883606
PGD,0.02,phishing_0237.jpg,0.8898369073867798,0.7793895602226257,1,0,0.02000001072883606
PGD,0.02,phishing_0263.jpg,1.0,1.0,1,0,0.02000001072883606
PGD,0.02,phishing_0266.jpg,1.0,0.9999994039535522,1,0,0.02000001072883606
PGD,0.02,phishing_0278.jpg,0.8831496834754944,0.7599196434020996,1,0,0.02000001072883606
PGD,0.02,phishing_0280.jpg,0.694553554058075,0.2078583687543869,0,1,0.02000001072883606
PGD,0.04,phishing_0004.jpg,0.999963641166687,0.9995624423027039,1,0,0.04000002145767212
PGD,0.04,phishing_0013.jpg,0.9996412992477417,0.9927021265029907,1,0,0.04000002145767212
PGD,0.04,phishing_0016.jpg,0.9949904084205627,0.7339701652526855,1,0,0.04000002145767212
PGD,0.04,phishing_0032.jpg,0.9969577789306641,0.8227692246437073,1,0,0.04000002145767212
PGD,0.04,phishing_0045.jpg,0.9999613761901855,0.9995624423027039,1,0,0.04000002145767212
PGD,0.04,phishing_0048.jpg,0.9999076128005981,0.9852102398872375,1,0,0.04000002145767212
PGD,0.04,phishing_0050.jpg,0.8799964189529419,0.00330397323705256,0,1,0.04000002145767212
PGD,0.04,phishing_0053.jpg,0.998433530330658,0.9860289692878723,1,0,0.04000002145767212
PGD,0.04,phishing_0058.jpg,0.7131541967391968,0.4008583128452301,0,1,0.04000002145767212
PGD,0.04,phishing_0068.jpg,0.9999582767486572,0.9995157718658447,1,0,0.04000002145767212
PGD,0.04,phishing_0072.jpg,0.9997023940086365,0.9965255856513977,1,0,0.04000002145767212
PGD,0.04,phishing_0080.jpg,0.9969577789306641,0.8218897581100464,1,0,0.04000002145767212
PGD,0.04,phishing_0082.jpg,0.566161572933197,0.043878499418497086,0,1,0.04000002145767212
PGD,0.04,phishing_0089.jpg,0.6136655211448669,0.530800461769104,1,0,0.04000002145767212
PGD,0.04,phishing_0097.jpg,0.5714096426963806,0.02840583398938179,0,1,0.04000002145767212
PGD,0.04,phishing_0102.jpg,0.5770531892776489,0.3702903687953949,0,1,0.04000002145767212
PGD,0.04,phishing_0115.jpg,0.5680482983589172,0.044203564524650574,0,1,0.04000002145767212
PGD,0.04,phishing_0118.jpg,0.683771014213562,0.11259926855564117,0,1,0.04000002145767212
PGD,0.04,phishing_0120.jpg,0.9532158374786377,2.472592495905701e-05,0,1,0.04000002145767212
PGD,0.04,phishing_0126.jpg,0.9816216826438904,0.6543323993682861,1,0,0.04000002145767212
PGD,0.04,phishing_0141.jpg,0.6388434171676636,0.3199816346168518,0,1,0.04000002145767212
PGD,0.04,phishing_0142.jpg,0.9028767347335815,0.027760731056332588,0,1,0.04000002145767212
PGD,0.04,phishing_0159.jpg,1.0,0.9999988079071045,1,0,0.04000002145767212
PGD,0.04,phishing_0161.jpg,0.9999798536300659,0.9989878535270691,1,0,0.04000002145767212
PGD,0.04,phishing_0173.jpg,0.9955154061317444,0.9583401083946228,1,0,0.04000002145767212
PGD,0.04,phishing_0175.jpg,0.8054952621459961,0.4110575020313263,0,1,0.04000002145767212
PGD,0.04,phishing_0207.jpg,0.629723846912384,0.45921790599823,0,1,0.04000002145767212
PGD,0.04,phishing_0213.jpg,0.9277511239051819,0.6846280694007874,1,0,0.04000002145767212
PGD,0.04,phishing_0215.jpg,0.9320158958435059,0.24143940210342407,0,1,0.04000002145767212
PGD,0.04,phishing_0217.jpg,0.8045440912246704,0.3171921968460083,0,1,0.04000002145767212
PGD,0.04,phishing_0237.jpg,0.8898369073867798,0.5813890695571899,1,0,0.04000002145767212
PGD,0.04,phishing_0263.jpg,1.0,0.9999998807907104,1,0,0.04000002145767212
PGD,0.04,phishing_0266.jpg,1.0,0.9999895095825195,1,0,0.04000002145767212
PGD,0.04,phishing_0278.jpg,0.8831496834754944,0.5967050790786743,1,0,0.04000002145767212
PGD,0.04,phishing_0280.jpg,0.694553554058075,0.014286895282566547,0,1,0.04000002145767212
